{
  "mse": 0.009598743982088185,
  "rmse": 0.0979731799120973,
  "mae": 0.020177195625707217,
  "r2": -0.0006436128261972929
}